Produit,Mot,Fréquence
10,livre,114
10,prix,82
10,vendons,82
10,partenaires,82
10,donnons,82
10,ammareal,80
10,organisations,80
10,part,45
10,chez,44
10,livres,44
40,produit,622
40,jeu,445
40,cas,297
40,sous,278
40,forfait,276
40,contrôleur,272
40,fiche,270
40,grande,265
40,langue,263
40,pbla,263
50,jeu,905
50,console,632
50,charge,580
50,nintendo,577
50,jeux,558
50,usb,447
50,ps4,426
50,protection,408
50,batterie,358
50,produit,330
60,debr,626
60,nom,623
60,affichage,590
60,ecran,582
60,numéro,560
60,tactilepas,555
60,couleurouibr,544
60,paquetouibr,530
60,game,462
60,communicationusbbr,371
1140,figurine,433
1140,sous,198
1140,env,158
1140,licence,148
1140,officielle,133
1140,emballage,126
1140,collection,123
1140,modèle,111
1140,plastique,92
1140,pvc,85
1160,carte,417
1160,neuf,188
1160,fr,185
1160,monstre,143
1160,pokémon,97
1160,pouvez,93
1160,pv,84
1160,yugioh,75
1160,tour,60
1160,cimetière,59
1180,masque,157
1180,halloween,84
1180,différence,43
1180,jeu,37
1180,lumière,35
1180,latex,35
1180,led,34
1180,port,33
1180,pouvez,30
1180,batterie,30
1280,enfants,3941
1280,bébé,1726
1280,jouet,1474
1280,jouets,1456
1280,batterie,1305
1280,matériel,1259
1280,amp,1213
1280,poupée,1156
1280,cadeau,1144
1280,rc,1021
1281,enfants,1674
1281,jeu,754
1281,to,733
1281,bébé,544
1281,jouet,537
1281,jouets,508
1281,cadeau,414
1281,game,398
1281,jouer,389
1281,in,374
1300,batterie,3723
1300,rc,3632
1300,drone,3319
1300,dji,2328
1300,vol,2297
1300,temps,2161
1300,distance,1797
1300,caméra,1726
1300,poids,1709
1300,amp,1672
1301,bébé,1626
1301,chaussettes,1024
1301,longueur,835
1301,matériaux,457
1301,filles,456
1301,belle,444
1301,coton,422
1301,garçons,375
1301,âge,339
1301,pieds,323
1302,pêche,998
1302,enfants,983
1302,matériel,820
1302,stress,774
1302,jouets,737
1302,super,639
1302,lampe,595
1302,doux,527
1302,caractéristiques,517
1302,poids,515
1320,sac,1596
1320,bébé,1237
1320,poussette,797
1320,sécurité,696
1320,mode,653
1320,roues,626
1320,cmbr,617
1320,style,616
1320,enfants,579
1320,voyage,551
1560,cmbr,2882
1560,matelas,2158
1560,hauteur,2113
1560,bois,2036
1560,mousse,1904
1560,table,1606
1560,tissu,1587
1560,â,1566
1560,matériel,1493
1560,design,1431
1920,taie,5694
1920,coussin,4351
1920,d39oreiller,4337
1920,s39il,3131
1920,matériel,2718
1920,oreiller,2630
1920,mesure,2396
1920,canapé,2298
1920,style,2023
1920,coton,1991
1940,sucre,233
1940,bio,229
1940,produit,190
1940,g,186
1940,café,182
1940,type,171
1940,marque,141
1940,lait,139
1940,sachet,126
1940,chocolat,125
2060,diamant,3693
2060,lumière,3682
2060,décoration,3209
2060,peinture,2963
2060,led,2809
2060,matériel,2350
2060,s39il,2348
2060,produit,2063
2060,noël,2030
2060,maison,1925
2220,chien,870
2220,animaux,450
2220,compagnie,408
2220,pet,406
2220,animal,380
2220,vêtements,329
2220,matériel,318
2220,longueur,303
2220,chiens,281
2220,amp,280
2280,texte,62
2280,gravures,53
2280,france,35
2280,gravure,34
2280,paris,32
2280,sommaire,30
2280,illustré,28
2280,dune,28
2280,jean,21
2280,page,19
2403,état,39
2403,lot,33
2403,bon,30
2403,livres,24
2403,pages,17
2403,chez,17
2403,éditions,16
2403,ailleurs,16
2403,volumes,16
2403,soigné,15
2462,jeux,34
2462,manette,28
2462,ps4,27
2462,xbox,20
2462,console,18
2462,manettes,16
2462,jeu,14
2462,chargeur,14
2462,kinect,12
2462,wii,12
2522,papier,1393
2522,format,1063
2522,pages,1014
2522,couverture,939
2522,design,906
2522,mm,889
2522,facilement,854
2522,solide,845
2522,jaune,827
2522,a5,821
2582,to,1324
2582,jardin,1291
2582,table,773
2582,for,768
2582,acier,694
2582,hauteur,684
2582,polyester,586
2582,aluminium,582
2582,bois,580
2582,résistant,576
2583,piscine,16936
2583,filtration,5665
2583,acier,4980
2583,pompe,4802
2583,d39eau,3975
2583,ø,3624
2583,sable,3558
2583,l39eau,2936
2583,bois,2843
2583,liner,2829
2585,bâche,990
2585,mm,879
2585,aspirateur,836
2585,type,626
2585,matériel,576
2585,produit,552
2585,accessoires,543
2585,plastique,539
2585,gris,522
2585,acier,499
2705,agrave,1385
2705,ses,885
2705,vie,586
2705,dun,574
2705,dune,569
2705,lui,561
2705,cest,443
2705,aussi,426
2705,monde,418
2705,fait,411
2905,div,3368
2905,strong,3067
2905,windows,1889
2905,jeu,1639
2905,or,1323
2905,gb,1017
2905,go,948
2905,intel,926
2905,amd,896
2905,internet,877
